,Assigned_ADI,Assigned_BACK,Assigned_DEB,Assigned_LYM,Assigned_MUC,Assigned_MUS,Assigned_NORM,Assigned_STR,Assigned_TUM
Original_ADI,5100,276,277,272,283,251,280,264,282
Original_BACK,280,5177,295,252,251,312,300,271,258
Original_DEB,311,310,5641,279,300,308,314,293,303
Original_LYM,259,311,336,5663,295,286,342,303,295
Original_MUC,240,232,230,237,4359,238,227,245,219
Original_MUS,373,354,358,349,340,6633,334,361,373
Original_NORM,205,243,242,251,227,225,4294,216,231
Original_STR,259,251,280,266,260,306,284,5118,288
Original_TUM,363,361,432,372,373,351,363,392,7015
